GO:0071944,cell periphery
GO:0005886,plasma membrane
GO:0023052,signaling
GO:0007154,cell communication
GO:0007165,signal transduction
GO:0005887,integral component of plasma membrane
GO:0031226,intrinsic component of plasma membrane
GO:0032501,multicellular organismal process
GO:0030054,cell junction
GO:0065007,biological regulation
GO:0050794,regulation of cellular process
GO:0048731,system development
GO:0050789,regulation of biological process
GO:0050896,response to stimulus
GO:0045202,synapse
GO:0048856,anatomical structure development
GO:0009653,anatomical structure morphogenesis
GO:0032502,developmental process
GO:0007275,multicellular organism development
GO:0051716,cellular response to stimulus
GO:0007166,cell surface receptor signaling pathway
GO:0040011,locomotion
GO:0016477,cell migration
GO:0003008,system process
GO:0007267,cell-cell signaling
GO:0048518,positive regulation of biological process
GO:0030154,cell differentiation
GO:0007399,nervous system development
GO:0023051,regulation of signaling
GO:0032879,regulation of localization
GO:0048869,cellular developmental process
GO:0006811,ion transport
GO:0098797,plasma membrane protein complex
GO:0010646,regulation of cell communication
GO:0048522,positive regulation of cellular process
GO:0051239,regulation of multicellular organismal process
GO:0006928,movement of cell or subcellular component
GO:0022008,neurogenesis
GO:0030182,neuron differentiation
GO:0050793,regulation of developmental process
GO:0051674,localization of cell
GO:0048870,cell motility
GO:0048699,generation of neurons
GO:0099536,synaptic signaling
GO:0048468,cell development
GO:0042221,response to chemical
GO:0043005,neuron projection
GO:0098590,plasma membrane region
GO:0098916,anterograde trans-synaptic signaling
GO:0007268,chemical synaptic transmission
GO:0099537,trans-synaptic signaling
GO:0030029,actin filament-based process
GO:0070887,cellular response to chemical stimulus
GO:0048513,animal organ development
GO:0048583,regulation of response to stimulus
GO:0035556,intracellular signal transduction
GO:0042330,taxis
GO:0005102,signaling receptor binding
GO:0022610,biological adhesion
GO:0006935,chemotaxis
GO:0000902,cell morphogenesis
GO:0007155,cell adhesion
GO:0034220,ion transmembrane transport
GO:0007186,G protein-coupled receptor signaling pathway
GO:0007167,enzyme linked receptor protein signaling pathway
GO:0065008,regulation of biological quality
GO:0038023,signaling receptor activity
GO:0098772,molecular function regulator
GO:0060089,molecular transducer activity
GO:0009966,regulation of signal transduction
GO:0043269,regulation of ion transport
GO:0031224,intrinsic component of membrane
GO:0004888,transmembrane signaling receptor activity
GO:0048666,neuron development
GO:0071310,cellular response to organic substance
GO:0051049,regulation of transport
GO:0016020,membrane
GO:0022836,gated channel activity
GO:0045595,regulation of cell differentiation
GO:0031175,neuron projection development
GO:0071495,cellular response to endogenous stimulus
GO:0022803,passive transmembrane transporter activity
GO:0015318,inorganic molecular entity transmembrane transporter activity
GO:0015267,channel activity
GO:0051094,positive regulation of developmental process
GO:0051179,localization
GO:0016021,integral component of membrane
GO:0006812,cation transport
GO:0032989,cellular component morphogenesis
GO:0051270,regulation of cellular component movement
GO:0009605,response to external stimulus
GO:0009719,response to endogenous stimulus
GO:0098794,postsynapse
GO:0015075,ion transmembrane transporter activity
GO:0005216,ion channel activity
GO:2000026,regulation of multicellular organismal development
GO:0048858,cell projection morphogenesis
GO:0030001,metal ion transport
GO:0040012,regulation of locomotion
GO:0120039,plasma membrane bounded cell projection morphogenesis
GO:0010033,response to organic substance
GO:0043235,receptor complex
GO:0034762,regulation of transmembrane transport
GO:0009888,tissue development
GO:0030334,regulation of cell migration
GO:0030036,actin cytoskeleton organization
GO:1902495,transmembrane transporter complex
GO:2000145,regulation of cell motility
GO:0065009,regulation of molecular function
GO:0000904,cell morphogenesis involved in differentiation
GO:0048812,neuron projection morphogenesis
GO:0034765,regulation of ion transmembrane transport
GO:0034702,ion channel complex
GO:0048584,positive regulation of response to stimulus
GO:0061061,muscle structure development
GO:0051240,positive regulation of multicellular organismal process
GO:0032990,cell part morphogenesis
GO:0022603,regulation of anatomical structure morphogenesis
GO:0055085,transmembrane transport
GO:0007169,transmembrane receptor protein tyrosine kinase signaling pathway
GO:0034330,cell junction organization
GO:0022890,inorganic cation transmembrane transporter activity
GO:0003013,circulatory system process
GO:0022857,transmembrane transporter activity
GO:0046873,metal ion transmembrane transporter activity
GO:0098655,cation transmembrane transport
GO:1990351,transporter complex
GO:0000977,RNA polymerase II transcription regulatory region sequence-specific DNA binding
GO:0005215,transporter activity
GO:0008324,cation transmembrane transporter activity
GO:0048667,cell morphogenesis involved in neuron differentiation
GO:0044093,positive regulation of molecular function
GO:0098660,inorganic ion transmembrane transport
GO:0048646,anatomical structure formation involved in morphogenesis
GO:0097060,synaptic membrane
GO:0044057,regulation of system process
GO:1902531,regulation of intracellular signal transduction
GO:0045597,positive regulation of cell differentiation
GO:0000978,RNA polymerase II cis-regulatory region sequence-specific DNA binding
GO:0050877,nervous system process
GO:0036477,somatodendritic compartment
GO:0060284,regulation of cell development
GO:0005261,cation channel activity
GO:0009887,animal organ morphogenesis
GO:0035239,tube morphogenesis
GO:0048523,negative regulation of cellular process
GO:0050790,regulation of catalytic activity
GO:0001216,DNA-binding transcription activator activity
GO:0001228,DNA-binding transcription activator activity, RNA polymerase II-specific
GO:0061564,axon development
GO:0000987,cis-regulatory region sequence-specific DNA binding
GO:0051960,regulation of nervous system development
GO:0043087,regulation of GTPase activity
GO:0042391,regulation of membrane potential
GO:0045937,positive regulation of phosphate metabolic process
GO:0010562,positive regulation of phosphorus metabolic process
GO:0006936,muscle contraction
GO:0007409,axonogenesis
GO:0097435,supramolecular fiber organization
GO:0098793,presynapse
GO:0008283,cell population proliferation
GO:0043085,positive regulation of catalytic activity
GO:0007264,small GTPase mediated signal transduction
GO:0006810,transport
GO:0042327,positive regulation of phosphorylation
GO:0023056,positive regulation of signaling
GO:0045664,regulation of neuron differentiation
GO:0050767,regulation of neurogenesis
GO:0008015,blood circulation
GO:0042127,regulation of cell population proliferation
GO:0005576,extracellular region
GO:0010647,positive regulation of cell communication
GO:0070161,anchoring junction
GO:0005244,voltage-gated ion channel activity
GO:0043547,positive regulation of GTPase activity
GO:0019932,second-messenger-mediated signaling
GO:0006468,protein phosphorylation
GO:0000981,DNA-binding transcription factor activity, RNA polymerase II-specific
GO:0008150,biological_process
GO:0003012,muscle system process
GO:0031252,cell leading edge
GO:0022832,voltage-gated channel activity
GO:0051093,negative regulation of developmental process
GO:0099177,regulation of trans-synaptic signaling
GO:0030424,axon
GO:0050804,modulation of chemical synaptic transmission
GO:0001934,positive regulation of protein phosphorylation
GO:1901700,response to oxygen-containing compound
GO:0001067,regulatory region nucleic acid binding
GO:0009967,positive regulation of signal transduction
GO:0000976,transcription regulatory region sequence-specific DNA binding
GO:1903522,regulation of blood circulation
GO:0001568,blood vessel development
GO:0005615,extracellular space
GO:0034703,cation channel complex
GO:0072359,circulatory system development
GO:0098662,inorganic cation transmembrane transport
GO:0001932,regulation of protein phosphorylation
GO:0045596,negative regulation of cell differentiation
GO:0048514,blood vessel morphogenesis
GO:0005911,cell-cell junction
GO:0048878,chemical homeostasis
GO:0051234,establishment of localization
GO:0098609,cell-cell adhesion
GO:0001944,vasculature development
GO:0051174,regulation of phosphorus metabolic process
GO:0051050,positive regulation of transport
GO:0035295,tube development
GO:0019220,regulation of phosphate metabolic process
GO:0043292,contractile fiber
GO:0042692,muscle cell differentiation
GO:0008092,cytoskeletal protein binding
GO:0003779,actin binding
GO:0010604,positive regulation of macromolecule metabolic process
GO:0009893,positive regulation of metabolic process
GO:0003015,heart process
GO:1901701,cellular response to oxygen-containing compound
GO:0022604,regulation of cell morphogenesis
GO:0040017,positive regulation of locomotion
GO:0007187,G protein-coupled receptor signaling pathway, coupled to cyclic nucleotide second messenger
GO:0097447,dendritic tree
GO:0035637,multicellular organismal signaling
GO:0007423,sensory organ development
GO:0030335,positive regulation of cell migration
GO:0000790,nuclear chromatin
GO:0030425,dendrite
GO:0030016,myofibril
GO:0006820,anion transport
GO:0001525,angiogenesis
GO:0031325,positive regulation of cellular metabolic process
GO:0097485,neuron projection guidance
GO:0008289,lipid binding
GO:0007188,adenylate cyclase-modulating G protein-coupled receptor signaling pathway
GO:0008284,positive regulation of cell population proliferation
GO:0051241,negative regulation of multicellular organismal process
GO:0007411,axon guidance
GO:0051345,positive regulation of hydrolase activity
GO:2000147,positive regulation of cell motility
GO:0051173,positive regulation of nitrogen compound metabolic process
GO:0009986,cell surface
GO:0060047,heart contraction
GO:0010959,regulation of metal ion transport
GO:0042325,regulation of phosphorylation
GO:0060326,cell chemotaxis
GO:0098978,glutamatergic synapse
GO:0030017,sarcomere
GO:0051272,positive regulation of cellular component movement
GO:0120025,plasma membrane bounded cell projection
GO:0045944,positive regulation of transcription by RNA polymerase II
GO:0042995,cell projection
GO:0051336,regulation of hydrolase activity
GO:0060537,muscle tissue development
GO:0008016,regulation of heart contraction
GO:0071417,cellular response to organonitrogen compound
GO:0031982,vesicle
GO:0030030,cell projection organization
GO:0005509,calcium ion binding
GO:1990837,sequence-specific double-stranded DNA binding
GO:0098552,side of membrane
GO:0005267,potassium channel activity
GO:0002376,immune system process
GO:0098802,plasma membrane signaling receptor complex
GO:0051146,striated muscle cell differentiation
GO:0050839,cell adhesion molecule binding
GO:0009611,response to wounding
GO:0001501,skeletal system development
GO:1903508,positive regulation of nucleic acid-templated transcription
GO:1902533,positive regulation of intracellular signal transduction
GO:0006897,endocytosis
GO:0031344,regulation of cell projection organization
GO:1902680,positive regulation of RNA biosynthetic process
GO:0098984,neuron to neuron synapse
GO:0045893,positive regulation of transcription, DNA-templated
GO:0015629,actin cytoskeleton
GO:0120036,plasma membrane bounded cell projection organization
GO:0007610,behavior
GO:0010628,positive regulation of gene expression
GO:0016192,vesicle-mediated transport
GO:0051962,positive regulation of nervous system development
GO:0033993,response to lipid
GO:0009987,cellular process
GO:0030048,actin filament-based movement
GO:0031401,positive regulation of protein modification process
GO:0010975,regulation of neuron projection development
GO:0050801,ion homeostasis
GO:0014706,striated muscle tissue development
GO:0022843,voltage-gated cation channel activity
GO:0051056,regulation of small GTPase mediated signal transduction
GO:0019935,cyclic-nucleotide-mediated signaling
GO:0070252,actin-mediated cell contraction
GO:0051254,positive regulation of RNA metabolic process
GO:0015672,monovalent inorganic cation transport
GO:0030155,regulation of cell adhesion
GO:0015077,monovalent inorganic cation transmembrane transporter activity
GO:0051480,regulation of cytosolic calcium ion concentration
GO:0031674,I band
GO:0120035,regulation of plasma membrane bounded cell projection organization
GO:0007517,muscle organ development
GO:0015079,potassium ion transmembrane transporter activity
GO:0099572,postsynaptic specialization
GO:0048519,negative regulation of biological process
GO:0070848,response to growth factor
GO:0050808,synapse organization
GO:0043408,regulation of MAPK cascade
GO:1901699,cellular response to nitrogen compound
GO:0050900,leukocyte migration
GO:0072507,divalent inorganic cation homeostasis
GO:0022834,ligand-gated channel activity
GO:0015276,ligand-gated ion channel activity
GO:0071805,potassium ion transmembrane transport
GO:0006813,potassium ion transport
GO:0031256,leading edge membrane
GO:0042060,wound healing
GO:0010720,positive regulation of cell development
GO:0032970,regulation of actin filament-based process
GO:0055065,metal ion homeostasis
GO:0055082,cellular chemical homeostasis
GO:0034329,cell junction assembly
GO:0045211,postsynaptic membrane
GO:0098771,inorganic ion homeostasis
GO:0015711,organic anion transport
GO:0032279,asymmetric synapse
GO:0060429,epithelium development
GO:0001667,ameboidal-type cell migration
GO:0019933,cAMP-mediated signaling
GO:0098657,import into cell
GO:0055074,calcium ion homeostasis
GO:0072503,cellular divalent inorganic cation homeostasis
GO:0043410,positive regulation of MAPK cascade
GO:0031399,regulation of protein modification process
GO:0043197,dendritic spine
GO:0032870,cellular response to hormone stimulus
GO:0023014,signal transduction by protein phosphorylation
GO:0031410,cytoplasmic vesicle
GO:0009725,response to hormone
GO:0042734,presynaptic membrane
GO:0031032,actomyosin structure organization
GO:0150034,distal axon
GO:0097708,intracellular vesicle
GO:0046903,secretion
GO:0098796,membrane protein complex
GO:0055080,cation homeostasis
GO:0071363,cellular response to growth factor stimulus
GO:0030018,Z disc
GO:0140352,export from cell
GO:0061337,cardiac conduction
GO:0043025,neuronal cell body
GO:0019899,enzyme binding
GO:0000165,MAPK cascade
GO:0044309,neuron spine
GO:0048598,embryonic morphogenesis
GO:0006874,cellular calcium ion homeostasis
GO:1904062,regulation of cation transmembrane transport
GO:1902903,regulation of supramolecular fiber organization
GO:0019897,extrinsic component of plasma membrane
GO:0090066,regulation of anatomical structure size
GO:0007010,cytoskeleton organization
GO:0014069,postsynaptic density
GO:0001508,action potential
GO:0032940,secretion by cell
GO:0003700,DNA-binding transcription factor activity
GO:0034705,potassium channel complex
GO:0006816,calcium ion transport
GO:0003018,vascular process in circulatory system
GO:0044297,cell body
GO:0072511,divalent inorganic cation transport
GO:0062023,collagen-containing extracellular matrix
GO:0003690,double-stranded DNA binding
GO:0048880,sensory system development
GO:0007015,actin filament organization
GO:0007417,central nervous system development
GO:0001726,ruffle
GO:0007189,adenylate cyclase-activating G protein-coupled receptor signaling pathway
GO:0006875,cellular metal ion homeostasis
GO:0031328,positive regulation of cellular biosynthetic process
GO:0070838,divalent metal ion transport
GO:0006836,neurotransmitter transport
GO:0019900,kinase binding
GO:0017048,Rho GTPase binding
GO:0005249,voltage-gated potassium channel activity
GO:0009891,positive regulation of biosynthetic process
GO:0001664,G protein-coupled receptor binding
GO:0010243,response to organonitrogen compound
GO:0098805,whole membrane
GO:0005096,GTPase activator activity
GO:0030695,GTPase regulator activity
GO:0006873,cellular ion homeostasis
GO:0008076,voltage-gated potassium channel complex
GO:0006941,striated muscle contraction
GO:0023061,signal release
GO:0030198,extracellular matrix organization
GO:0050769,positive regulation of neurogenesis
GO:0007204,positive regulation of cytosolic calcium ion concentration
GO:0000785,chromatin
GO:0030593,neutrophil chemotaxis
GO:0150063,visual system development
GO:0030003,cellular cation homeostasis
GO:0060341,regulation of cellular localization
GO:0043062,extracellular structure organization
GO:0012506,vesicle membrane
GO:0048705,skeletal system morphogenesis
GO:0110165,cellular anatomical entity
GO:1905114,cell surface receptor signaling pathway involved in cell-cell signaling
GO:0001654,eye development
GO:0055001,muscle cell development
GO:0032956,regulation of actin cytoskeleton organization
GO:0006357,regulation of transcription by RNA polymerase II
GO:0097529,myeloid leukocyte migration
GO:0005575,cellular_component
GO:0051171,regulation of nitrogen compound metabolic process
GO:0005516,calmodulin binding
GO:0030659,cytoplasmic vesicle membrane
GO:0032409,regulation of transporter activity
GO:0098739,import across plasma membrane
GO:0006937,regulation of muscle contraction
GO:0099094,ligand-gated cation channel activity
GO:0051128,regulation of cellular component organization
GO:0031323,regulation of cellular metabolic process
GO:0060078,regulation of postsynaptic membrane potential
GO:0016310,phosphorylation
GO:0099240,intrinsic component of synaptic membrane
GO:0060589,nucleoside-triphosphatase regulator activity
GO:0060627,regulation of vesicle-mediated transport
GO:0051046,regulation of secretion
GO:0045935,positive regulation of nucleobase-containing compound metabolic process
GO:0030855,epithelial cell differentiation
GO:0071396,cellular response to lipid
GO:0031589,cell-substrate adhesion
GO:0010557,positive regulation of macromolecule biosynthetic process
GO:0060048,cardiac muscle contraction
GO:0014070,response to organic cyclic compound
GO:0048568,embryonic organ development
GO:1903530,regulation of secretion by cell
GO:0045666,positive regulation of neuron differentiation
GO:0051252,regulation of RNA metabolic process
GO:0043565,sequence-specific DNA binding
GO:0022898,regulation of transmembrane transporter activity
GO:0060485,mesenchyme development
GO:0071407,cellular response to organic cyclic compound
GO:0070382,exocytic vesicle
GO:0099699,integral component of synaptic membrane
GO:0080090,regulation of primary metabolic process
GO:1901698,response to nitrogen compound
GO:1990266,neutrophil migration
GO:0051020,GTPase binding
GO:1902904,negative regulation of supramolecular fiber organization
GO:0070588,calcium ion transmembrane transport
GO:0090257,regulation of muscle system process
GO:0048562,embryonic organ morphogenesis
GO:0042383,sarcolemma
GO:1901652,response to peptide
GO:0031253,cell projection membrane
GO:0005543,phospholipid binding
GO:0090596,sensory organ morphogenesis
GO:1990868,response to chemokine
GO:1990869,cellular response to chemokine
GO:0002682,regulation of immune system process
GO:0032412,regulation of ion transmembrane transporter activity
GO:0043010,camera-type eye development
GO:0051924,regulation of calcium ion transport
GO:0051271,negative regulation of cellular component movement
GO:0012505,endomembrane system
GO:0007265,Ras protein signal transduction
GO:0060322,head development
GO:1901653,cellular response to peptide
GO:1901342,regulation of vasculature development
GO:0015849,organic acid transport
GO:0048729,tissue morphogenesis
GO:0055002,striated muscle cell development
GO:0046942,carboxylic acid transport
GO:0032270,positive regulation of cellular protein metabolic process
GO:0031012,extracellular matrix
GO:0019901,protein kinase binding
GO:0040013,negative regulation of locomotion
GO:0006955,immune response
GO:0031324,negative regulation of cellular metabolic process
GO:0016323,basolateral plasma membrane
GO:0033674,positive regulation of kinase activity
GO:0051172,negative regulation of nitrogen compound metabolic process
GO:0019722,calcium-mediated signaling
GO:0010769,regulation of cell morphogenesis involved in differentiation
GO:0070371,ERK1 and ERK2 cascade
GO:0045765,regulation of angiogenesis
GO:0051130,positive regulation of cellular component organization
GO:0051247,positive regulation of protein metabolic process
GO:0030595,leukocyte chemotaxis
GO:0050878,regulation of body fluid levels
GO:0005230,extracellular ligand-gated ion channel activity
GO:0061572,actin filament bundle organization
GO:0048762,mesenchymal cell differentiation
GO:0006952,defense response
GO:0051017,actin filament bundle assembly
GO:0031267,small GTPase binding
GO:0031346,positive regulation of cell projection organization
GO:0008219,cell death
GO:0007420,brain development
GO:0004930,G protein-coupled receptor activity
GO:0009790,embryo development
GO:0006954,inflammatory response
GO:1903506,regulation of nucleic acid-templated transcription
GO:0070098,chemokine-mediated signaling pathway
GO:0140110,transcription regulator activity
GO:0030315,T-tubule
GO:2001141,regulation of RNA biosynthetic process
GO:0001775,cell activation
GO:0006355,regulation of transcription, DNA-templated
GO:0098588,bounding membrane of organelle
GO:0032587,ruffle membrane
GO:1902905,positive regulation of supramolecular fiber organization
GO:0017016,Ras GTPase binding
GO:0061448,connective tissue development
GO:0044877,protein-containing complex binding
GO:0051015,actin filament binding
GO:0043270,positive regulation of ion transport
GO:0048020,CCR chemokine receptor binding
GO:0009897,external side of plasma membrane
GO:0090130,tissue migration
GO:0071900,regulation of protein serine/threonine kinase activity
GO:0050920,regulation of chemotaxis
GO:0070372,regulation of ERK1 and ERK2 cascade
GO:0040007,growth
GO:0045860,positive regulation of protein kinase activity
GO:0019904,protein domain specific binding
GO:0007178,transmembrane receptor protein serine/threonine kinase signaling pathway
GO:0030546,signaling receptor activator activity
GO:1903305,regulation of regulated secretory pathway
GO:0030136,clathrin-coated vesicle
GO:2000146,negative regulation of cell motility
GO:0031327,negative regulation of cellular biosynthetic process
GO:0045165,cell fate commitment
GO:0019725,cellular homeostasis
GO:0006814,sodium ion transport
GO:0006796,phosphate-containing compound metabolic process
GO:0012501,programmed cell death
GO:0006835,dicarboxylic acid transport
GO:0048018,receptor ligand activity
GO:0006793,phosphorus metabolic process
GO:0019222,regulation of metabolic process
GO:0051216,cartilage development
GO:0010648,negative regulation of cell communication
GO:0060255,regulation of macromolecule metabolic process
GO:0007269,neurotransmitter secretion
GO:0099643,signal release from synapse
GO:0008021,synaptic vesicle
GO:1990778,protein localization to cell periphery
GO:0022835,transmitter-gated channel activity
GO:0140375,immune receptor activity
GO:0022824,transmitter-gated ion channel activity
GO:0030027,lamellipodium
GO:0010721,negative regulation of cell development
GO:0042379,chemokine receptor binding
GO:0005178,integrin binding
GO:0007600,sensory perception
GO:0007519,skeletal muscle tissue development
GO:0043434,response to peptide hormone
GO:0022853,active ion transmembrane transporter activity
GO:0030049,muscle filament sliding
GO:0033275,actin-myosin filament sliding
GO:0009952,anterior/posterior pattern specification
GO:0071375,cellular response to peptide hormone stimulus
GO:0051253,negative regulation of RNA metabolic process
GO:0034204,lipid translocation
GO:0090132,epithelium migration
GO:2001257,regulation of cation channel activity
GO:0003002,regionalization
GO:0023057,negative regulation of signaling
GO:0010631,epithelial cell migration
GO:0043583,ear development
GO:0005912,adherens junction
GO:0019898,extrinsic component of membrane
GO:0044306,neuron projection terminus
GO:0031234,extrinsic component of cytoplasmic side of plasma membrane
GO:0071773,cellular response to BMP stimulus
GO:0071772,response to BMP
GO:0009890,negative regulation of biosynthetic process
GO:0051495,positive regulation of cytoskeleton organization
GO:0099003,vesicle-mediated transport in synapse
GO:0048589,developmental growth
GO:0048839,inner ear development
GO:0098656,anion transmembrane transport
GO:0110053,regulation of actin filament organization
GO:0099504,synaptic vesicle cycle
GO:0050817,coagulation
GO:0030658,transport vesicle membrane
GO:1903507,negative regulation of nucleic acid-templated transcription
GO:0032535,regulation of cellular component size
GO:0072659,protein localization to plasma membrane
GO:0048704,embryonic skeletal system morphogenesis
GO:0071902,positive regulation of protein serine/threonine kinase activity
GO:0048167,regulation of synaptic plasticity
GO:0007389,pattern specification process
GO:0007599,hemostasis
GO:0051592,response to calcium ion
GO:0030672,synaptic vesicle membrane
GO:0099501,exocytic vesicle membrane
GO:0043679,axon terminus
GO:0043549,regulation of kinase activity
GO:0071621,granulocyte chemotaxis
GO:0060401,cytosolic calcium ion transport
GO:1902679,negative regulation of RNA biosynthetic process
GO:0007160,cell-matrix adhesion
GO:0030545,receptor regulator activity
GO:0045892,negative regulation of transcription, DNA-templated
GO:0099634,postsynaptic specialization membrane
GO:0048706,embryonic skeletal system development
GO:0004713,protein tyrosine kinase activity
GO:0030336,negative regulation of cell migration
GO:0030133,transport vesicle
GO:0048365,Rac GTPase binding
GO:0010941,regulation of cell death
GO:0004672,protein kinase activity
GO:0003707,steroid hormone receptor activity
GO:0051493,regulation of cytoskeleton organization
GO:0042592,homeostatic process
GO:0050768,negative regulation of neurogenesis
GO:0005794,Golgi apparatus
GO:0016358,dendrite development
GO:0098857,membrane microdomain
GO:0030234,enzyme regulator activity
GO:0016773,phosphotransferase activity, alcohol group as acceptor
GO:0008277,regulation of G protein-coupled receptor signaling pathway
GO:0032271,regulation of protein polymerization
GO:0045859,regulation of protein kinase activity
GO:0031532,actin cytoskeleton reorganization
GO:0002548,monocyte chemotaxis
GO:0007215,glutamate receptor signaling pathway
GO:0060402,calcium ion transport into cytosol
GO:0097530,granulocyte migration
GO:0001503,ossification
GO:0045121,membrane raft
GO:0007596,blood coagulation
GO:0015081,sodium ion transmembrane transporter activity
GO:0015085,calcium ion transmembrane transporter activity
GO:0008047,enzyme activator activity
GO:0051246,regulation of protein metabolic process
GO:0046578,regulation of Ras protein signal transduction
GO:0048738,cardiac muscle tissue development
GO:0045332,phospholipid translocation
GO:0006915,apoptotic process
GO:0043067,regulation of programmed cell death
GO:0098636,protein complex involved in cell adhesion
GO:0015108,chloride transmembrane transporter activity
GO:0008009,chemokine activity
GO:0051347,positive regulation of transferase activity
GO:0060538,skeletal muscle organ development
GO:0008360,regulation of cell shape
GO:0001763,morphogenesis of a branching structure
GO:0050673,epithelial cell proliferation
GO:0009968,negative regulation of signal transduction
GO:0017157,regulation of exocytosis
GO:0030594,neurotransmitter receptor activity
GO:1904018,positive regulation of vasculature development
GO:0007507,heart development
GO:0030900,forebrain development
GO:0042981,regulation of apoptotic process
GO:0006821,chloride transport
GO:0045785,positive regulation of cell adhesion
GO:0007416,synapse assembly
GO:0032268,regulation of cellular protein metabolic process
GO:0048585,negative regulation of response to stimulus
GO:0030072,peptide hormone secretion
GO:0010558,negative regulation of macromolecule biosynthetic process
GO:0046879,hormone secretion
GO:1902476,chloride transmembrane transport
GO:0086001,cardiac muscle cell action potential
GO:0086003,cardiac muscle cell contraction
GO:0043405,regulation of MAP kinase activity
GO:2000113,negative regulation of cellular macromolecule biosynthetic process
GO:0019219,regulation of nucleobase-containing compound metabolic process
GO:0048013,ephrin receptor signaling pathway
GO:0071248,cellular response to metal ion
GO:0030135,coated vesicle
GO:1901861,regulation of muscle tissue development
GO:0034764,positive regulation of transmembrane transport
GO:0030055,cell-substrate junction
GO:0042025,host cell nucleus
GO:1905475,regulation of protein localization to membrane
GO:0098858,actin-based cell projection
GO:0001505,regulation of neurotransmitter levels
GO:0035249,synaptic transmission, glutamatergic
GO:0002684,positive regulation of immune system process
GO:0048634,regulation of muscle organ development
GO:0098659,inorganic cation import across plasma membrane
GO:0099587,inorganic ion import across plasma membrane
GO:1903561,extracellular vesicle
GO:0098960,postsynaptic neurotransmitter receptor activity
GO:0033647,host intracellular organelle
GO:0033648,host intracellular membrane-bounded organelle
GO:0007009,plasma membrane organization
GO:0086010,membrane depolarization during action potential
GO:0051961,negative regulation of nervous system development
GO:0007162,negative regulation of cell adhesion
GO:0051149,positive regulation of muscle cell differentiation
GO:0098936,intrinsic component of postsynaptic membrane
GO:0016079,synaptic vesicle exocytosis
GO:0018105,peptidyl-serine phosphorylation
GO:0030239,myofibril assembly
GO:0043230,extracellular organelle
GO:0032432,actin filament bundle
GO:0009898,cytoplasmic side of plasma membrane
GO:0045216,cell-cell junction organization
GO:0032880,regulation of protein localization
GO:0051047,positive regulation of secretion
GO:0043207,response to external biotic stimulus
GO:0050776,regulation of immune response
GO:0099565,chemical synaptic transmission, postsynaptic
GO:0006898,receptor-mediated endocytosis
GO:0061138,morphogenesis of a branching epithelium
GO:0003158,endothelium development
GO:0030426,growth cone
GO:0032231,regulation of actin filament bundle assembly
GO:0098531,ligand-activated transcription factor activity
GO:0004879,nuclear receptor activity
GO:0018212,peptidyl-tyrosine modification
GO:0042472,inner ear morphogenesis
GO:0016202,regulation of striated muscle tissue development
GO:0051707,response to other organism
GO:0022407,regulation of cell-cell adhesion
GO:0006942,regulation of striated muscle contraction
GO:0097581,lamellipodium organization
GO:0140303,intramembrane lipid transporter activity
GO:1903169,regulation of calcium ion transmembrane transport
GO:0008509,anion transmembrane transporter activity
GO:0018108,peptidyl-tyrosine phosphorylation
GO:0035107,appendage morphogenesis
GO:0035108,limb morphogenesis
GO:0005925,focal adhesion
GO:0099055,integral component of postsynaptic membrane
GO:0004896,cytokine receptor activity
GO:0008201,heparin binding
GO:0045055,regulated exocytosis
GO:0045766,positive regulation of angiogenesis
GO:0097553,calcium ion transmembrane import into cytosol
GO:0030100,regulation of endocytosis
GO:0045934,negative regulation of nucleobase-containing compound metabolic process
GO:1904315,transmitter-gated ion channel activity involved in regulation of postsynaptic membrane potential
GO:0051258,protein polymerization
GO:0072509,divalent inorganic cation transmembrane transporter activity
GO:0060560,developmental growth involved in morphogenesis
GO:0072073,kidney epithelium development
GO:0002009,morphogenesis of an epithelium
GO:0006366,transcription by RNA polymerase II
GO:0009914,hormone transport
GO:0002027,regulation of heart rate
GO:0010976,positive regulation of neuron projection development
GO:0045321,leukocyte activation
GO:0010232,vascular transport
GO:0150104,transport across blood-brain barrier
GO:0099529,neurotransmitter receptor activity involved in regulation of postsynaptic membrane potential
GO:0090287,regulation of cellular response to growth factor stimulus
GO:0051494,negative regulation of cytoskeleton organization
GO:0038127,ERBB signaling pathway
GO:0016301,kinase activity
GO:0051899,membrane depolarization
GO:0070062,extracellular exosome
GO:0015103,inorganic anion transmembrane transporter activity
GO:0030509,BMP signaling pathway
GO:0042805,actinin binding
GO:0050806,positive regulation of synaptic transmission
GO:0090630,activation of GTPase activity
GO:0016055,Wnt signaling pathway
GO:0009612,response to mechanical stimulus
GO:0071345,cellular response to cytokine stimulus
GO:0043656,host intracellular region
GO:0033646,host intracellular part
GO:0198738,cell-cell signaling by wnt
GO:0071674,mononuclear cell migration
GO:0003206,cardiac chamber morphogenesis
GO:0060079,excitatory postsynaptic potential
GO:0005768,endosome
GO:0007611,learning or memory
GO:0043491,protein kinase B signaling
GO:0014902,myotube differentiation
GO:0030427,site of polarized growth
GO:0033643,host cell part
GO:0030278,regulation of ossification
GO:0050679,positive regulation of epithelial cell proliferation
GO:0009792,embryo development ending in birth or egg hatching
GO:0008544,epidermis development
GO:0031326,regulation of cellular biosynthetic process
GO:0006887,exocytosis
GO:0097035,regulation of membrane lipid distribution
GO:0044325,ion channel binding
GO:0034097,response to cytokine
GO:0098589,membrane region
GO:0051928,positive regulation of calcium ion transport
GO:0042641,actomyosin
GO:0098839,postsynaptic density membrane
GO:0046777,protein autophosphorylation
GO:0035725,sodium ion transmembrane transport
GO:0002790,peptide secretion
GO:0000122,negative regulation of transcription by RNA polymerase II
GO:0045665,negative regulation of neuron differentiation
GO:0050921,positive regulation of chemotaxis
GO:0019221,cytokine-mediated signaling pathway
GO:0048786,presynaptic active zone
GO:0060415,muscle tissue morphogenesis
GO:0015800,acidic amino acid transport
GO:1901863,positive regulation of muscle tissue development
GO:0110020,regulation of actomyosin structure organization
GO:0060562,epithelial tube morphogenesis
GO:0098661,inorganic anion transmembrane transport
GO:0090092,regulation of transmembrane receptor protein serine/threonine kinase signaling pathway
GO:0009607,response to biotic stimulus
GO:0015698,inorganic anion transport
GO:0005262,calcium channel activity
GO:0031098,stress-activated protein kinase signaling cascade
GO:0032101,regulation of response to external stimulus
GO:0043406,positive regulation of MAP kinase activity
GO:0002764,immune response-regulating signaling pathway
GO:0002028,regulation of sodium ion transport
GO:0051492,regulation of stress fiber assembly
GO:1905477,positive regulation of protein localization to membrane
GO:0000137,Golgi cis cisterna
GO:0098889,intrinsic component of presynaptic membrane
GO:0048732,gland development
GO:0042562,hormone binding
GO:0070374,positive regulation of ERK1 and ERK2 cascade
GO:0007266,Rho protein signal transduction
GO:0050770,regulation of axonogenesis
GO:0050678,regulation of epithelial cell proliferation
GO:0050803,regulation of synapse structure or activity
GO:0010632,regulation of epithelial cell migration
GO:0002768,immune response-regulating cell surface receptor signaling pathway
GO:0071559,response to transforming growth factor beta
GO:0051147,regulation of muscle cell differentiation
GO:0002064,epithelial cell development
GO:0005089,Rho guanyl-nucleotide exchange factor activity
GO:0008305,integrin complex
GO:0006865,amino acid transport
GO:0016459,myosin complex
GO:0006909,phagocytosis
GO:0048636,positive regulation of muscle organ development
GO:0045844,positive regulation of striated muscle tissue development
GO:0043009,chordate embryonic development
GO:0048545,response to steroid hormone
GO:0098562,cytoplasmic side of membrane
GO:0051896,regulation of protein kinase B signaling
GO:0045446,endothelial cell differentiation
GO:0030165,PDZ domain binding
GO:0030073,insulin secretion
GO:0090276,regulation of peptide hormone secretion
GO:0040008,regulation of growth
GO:0051588,regulation of neurotransmitter transport
GO:0019199,transmembrane receptor protein kinase activity
GO:0090087,regulation of peptide transport
GO:0010522,regulation of calcium ion transport into cytosol
GO:0060395,SMAD protein signal transduction
GO:0030665,clathrin-coated vesicle membrane
GO:0005251,delayed rectifier potassium channel activity
GO:0005231,excitatory extracellular ligand-gated ion channel activity
GO:0099081,supramolecular polymer
GO:0003205,cardiac chamber development
GO:0035150,regulation of tube size
GO:0019226,transmission of nerve impulse
GO:0030038,contractile actin filament bundle assembly
GO:0043149,stress fiber assembly
GO:0050853,B cell receptor signaling pathway
GO:0050890,cognition
GO:1901888,regulation of cell junction assembly
GO:0099512,supramolecular fiber
GO:0042277,peptide binding
GO:0035091,phosphatidylinositol binding
GO:0016049,cell growth
GO:0016324,apical plasma membrane
GO:0043542,endothelial cell migration
GO:0034767,positive regulation of ion transmembrane transport
GO:0035296,regulation of tube diameter
GO:0035113,embryonic appendage morphogenesis
GO:0097746,regulation of blood vessel diameter
GO:0030326,embryonic limb morphogenesis
GO:0055117,regulation of cardiac muscle contraction
GO:0000139,Golgi membrane
GO:0034707,chloride channel complex
GO:0099056,integral component of presynaptic membrane
GO:0044089,positive regulation of cellular component biogenesis
GO:0099060,integral component of postsynaptic specialization membrane
GO:0022804,active transmembrane transporter activity
GO:0099024,plasma membrane invagination
GO:0051338,regulation of transferase activity
GO:1902936,phosphatidylinositol bisphosphate binding
GO:0009889,regulation of biosynthetic process
GO:0030902,hindbrain development
GO:0050807,regulation of synapse organization
GO:0018209,peptidyl-serine modification
GO:0002791,regulation of peptide secretion
GO:0010468,regulation of gene expression
GO:0048010,vascular endothelial growth factor receptor signaling pathway
GO:0050796,regulation of insulin secretion
GO:0042611,MHC protein complex
GO:1903532,positive regulation of secretion by cell
GO:0048736,appendage development
GO:0060173,limb development
GO:0071692,protein localization to extracellular region
GO:0032272,negative regulation of protein polymerization
GO:0008285,negative regulation of cell population proliferation
GO:0035592,establishment of protein localization to extracellular region
GO:0007173,epidermal growth factor receptor signaling pathway
GO:0016247,channel regulator activity
GO:0097517,contractile actin filament bundle
GO:0001725,stress fiber
GO:0010810,regulation of cell-substrate adhesion
GO:0010324,membrane invagination
GO:0010942,positive regulation of cell death
GO:0048871,multicellular organismal homeostasis
GO:0002040,sprouting angiogenesis
GO:0044087,regulation of cellular component biogenesis
GO:0007200,phospholipase C-activating G protein-coupled receptor signaling pathway
GO:0009306,protein secretion
GO:0008146,sulfotransferase activity
GO:0098948,intrinsic component of postsynaptic specialization membrane
GO:0015662,ion transmembrane transporter activity, phosphorylative mechanism
GO:0032526,response to retinoic acid
GO:0046883,regulation of hormone secretion
GO:0014812,muscle cell migration
GO:0050918,positive chemotaxis
GO:0007163,establishment or maintenance of cell polarity
GO:0051223,regulation of protein transport
GO:0001655,urogenital system development
GO:0019228,neuronal action potential
GO:0009617,response to bacterium
GO:0090100,positive regulation of transmembrane receptor protein serine/threonine kinase signaling pathway
GO:0035270,endocrine system development
GO:0051497,negative regulation of stress fiber assembly
GO:0032869,cellular response to insulin stimulus
GO:0071560,cellular response to transforming growth factor beta stimulus
GO:0003231,cardiac ventricle development
GO:0042471,ear morphogenesis
GO:0005938,cell cortex
GO:0032273,positive regulation of protein polymerization
GO:0035023,regulation of Rho protein signal transduction
GO:0061024,membrane organization
GO:0030856,regulation of epithelial cell differentiation
GO:0002062,chondrocyte differentiation
GO:0051283,negative regulation of sequestering of calcium ion
GO:0086002,cardiac muscle cell action potential involved in contraction
GO:0048592,eye morphogenesis
GO:0051403,stress-activated MAPK cascade
GO:0010517,regulation of phospholipase activity
GO:0051208,sequestering of calcium ion
GO:0030522,intracellular receptor signaling pathway
GO:0005539,glycosaminoglycan binding
GO:0032496,response to lipopolysaccharide
GO:0030199,collagen fibril organization
GO:0021675,nerve development
GO:0042110,T cell activation
GO:0005544,calcium-dependent phospholipid binding
GO:0050708,regulation of protein secretion
GO:0031594,neuromuscular junction
GO:0051282,regulation of sequestering of calcium ion
GO:0030175,filopodium
GO:2000112,regulation of cellular macromolecule biosynthetic process
GO:0050954,sensory perception of mechanical stimulus
GO:0001657,ureteric bud development
GO:0051897,positive regulation of protein kinase B signaling
GO:0010556,regulation of macromolecule biosynthetic process
GO:0051279,regulation of release of sequestered calcium ion into cytosol
GO:0001837,epithelial to mesenchymal transition
GO:0005253,anion channel activity
GO:1901981,phosphatidylinositol phosphate binding
GO:0097659,nucleic acid-templated transcription
GO:0051209,release of sequestered calcium ion into cytosol
GO:0072676,lymphocyte migration
GO:0099503,secretory vesicle
GO:0035914,skeletal muscle cell differentiation
GO:0014909,smooth muscle cell migration
GO:0001823,mesonephros development
GO:0046928,regulation of neurotransmitter secretion
GO:0045778,positive regulation of ossification
GO:0005088,Ras guanyl-nucleotide exchange factor activity
GO:0035051,cardiocyte differentiation
GO:0043065,positive regulation of apoptotic process
GO:0010038,response to metal ion
GO:1903779,regulation of cardiac conduction
GO:0051129,negative regulation of cellular component organization
GO:1902532,negative regulation of intracellular signal transduction
GO:0043068,positive regulation of programmed cell death
GO:0098742,cell-cell adhesion via plasma-membrane adhesion molecules
GO:0022612,gland morphogenesis
GO:0019229,regulation of vasoconstriction
GO:0034109,homotypic cell-cell adhesion
GO:0030168,platelet activation
GO:0032982,myosin filament
GO:0005865,striated muscle thin filament
GO:0016525,negative regulation of angiogenesis
GO:0051235,maintenance of location
GO:0032774,RNA biosynthetic process
GO:0044853,plasma membrane raft
GO:0005254,chloride channel activity
GO:0003208,cardiac ventricle morphogenesis
GO:0002429,immune response-activating cell surface receptor signaling pathway
GO:0002757,immune response-activating signal transduction
GO:0048017,inositol lipid-mediated signaling
GO:0007190,activation of adenylate cyclase activity
GO:0030032,lamellipodium assembly
GO:0045177,apical part of cell
GO:0031099,regeneration
GO:2000181,negative regulation of blood vessel morphogenesis
GO:0035909,aorta morphogenesis
GO:0001906,cell killing
GO:0072163,mesonephric epithelium development
GO:0072164,mesonephric tubule development
GO:0002237,response to molecule of bacterial origin
GO:0048638,regulation of developmental growth
GO:1900274,regulation of phospholipase C activity
GO:0048645,animal organ formation
GO:0002685,regulation of leukocyte migration
GO:0014910,regulation of smooth muscle cell migration
GO:0042063,gliogenesis
GO:0051222,positive regulation of protein transport
GO:0045214,sarcomere organization
GO:0071277,cellular response to calcium ion
GO:0004714,transmembrane receptor protein tyrosine kinase activity
GO:0010876,lipid localization
GO:0035590,purinergic nucleotide receptor signaling pathway
GO:0070201,regulation of establishment of protein localization
GO:0010594,regulation of endothelial cell migration
GO:0045296,cadherin binding
GO:0015291,secondary active transmembrane transporter activity
GO:1901343,negative regulation of vasculature development
GO:1905039,carboxylic acid transmembrane transport
GO:0048754,branching morphogenesis of an epithelial tube
GO:0046649,lymphocyte activation
GO:0006351,transcription, DNA-templated
GO:0006869,lipid transport
GO:0044304,main axon
GO:0015914,phospholipid transport
GO:0048015,phosphatidylinositol-mediated signaling
GO:0044706,multi-multicellular organism process
GO:0002088,lens development in camera-type eye
GO:0010817,regulation of hormone levels
GO:0009755,hormone-mediated signaling pathway
GO:0048787,presynaptic active zone membrane
GO:0030139,endocytic vesicle
GO:0060193,positive regulation of lipase activity
GO:0003007,heart morphogenesis
GO:0071542,dopaminergic neuron differentiation
GO:0043534,blood vessel endothelial cell migration
GO:0006939,smooth muscle contraction
GO:0031984,organelle subcompartment
GO:0031345,negative regulation of cell projection organization
GO:0000228,nuclear chromosome
GO:1902305,regulation of sodium ion transmembrane transport
GO:0033002,muscle cell proliferation
GO:0060348,bone development
GO:0055008,cardiac muscle tissue morphogenesis
GO:0048247,lymphocyte chemotaxis
GO:0098791,Golgi apparatus subcompartment
GO:0001822,kidney development
GO:0030041,actin filament polymerization
GO:0005245,voltage-gated calcium channel activity
GO:0072001,renal system development
GO:0010771,negative regulation of cell morphogenesis involved in differentiation
GO:0003229,ventricular cardiac muscle tissue development
GO:0006911,phagocytosis, engulfment
GO:0021545,cranial nerve development
GO:1990573,potassium ion import across plasma membrane
GO:0043949,regulation of cAMP-mediated signaling
GO:0086065,cell communication involved in cardiac conduction
GO:0031113,regulation of microtubule polymerization
GO:1903825,organic acid transmembrane transport
GO:0002521,leukocyte differentiation
GO:0001558,regulation of cell growth
GO:0005272,sodium channel activity
GO:0071300,cellular response to retinoic acid
GO:0072562,blood microparticle
GO:0044298,cell body membrane
GO:0005085,guanyl-nucleotide exchange factor activity
GO:0071241,cellular response to inorganic substance
GO:0098685,Schaffer collateral - CA1 synapse
GO:0005248,voltage-gated sodium channel activity
GO:0030662,coated vesicle membrane
GO:1902414,protein localization to cell junction
GO:0098693,regulation of synaptic vesicle cycle
GO:0050851,antigen receptor-mediated signaling pathway
GO:0010977,negative regulation of neuron projection development
GO:0004674,protein serine/threonine kinase activity
GO:1903510,mucopolysaccharide metabolic process
GO:0033218,amide binding
GO:0062013,positive regulation of small molecule metabolic process
GO:0032868,response to insulin
GO:0048747,muscle fiber development
GO:0042246,tissue regeneration
GO:0016342,catenin complex
GO:0014065,phosphatidylinositol 3-kinase signaling
GO:0007254,JNK cascade
GO:0043266,regulation of potassium ion transport
GO:0051966,regulation of synaptic transmission, glutamatergic
GO:0008286,insulin receptor signaling pathway
GO:0001936,regulation of endothelial cell proliferation
GO:0048644,muscle organ morphogenesis
GO:0072132,mesenchyme morphogenesis
GO:0010863,positive regulation of phospholipase C activity
GO:0005884,actin filament
GO:0019838,growth factor binding
GO:0007159,leukocyte cell-cell adhesion
GO:0033500,carbohydrate homeostasis
GO:0060070,canonical Wnt signaling pathway
GO:0060512,prostate gland morphogenesis
GO:0010718,positive regulation of epithelial to mesenchymal transition
GO:0010862,positive regulation of pathway-restricted SMAD protein phosphorylation
GO:0055010,ventricular cardiac muscle tissue morphogenesis
GO:0048641,regulation of skeletal muscle tissue development
GO:0014047,glutamate secretion
GO:0010634,positive regulation of epithelial cell migration
GO:0002253,activation of immune response
GO:0005126,cytokine receptor binding
GO:0030500,regulation of bone mineralization
GO:0098878,neurotransmitter receptor complex
GO:0045445,myoblast differentiation
GO:0048471,perinuclear region of cytoplasm
GO:0030863,cortical cytoskeleton
GO:0001891,phagocytic cup
GO:0008154,actin polymerization or depolymerization
GO:0098542,defense response to other organism
GO:0046847,filopodium assembly
GO:0050778,positive regulation of immune response
GO:0042593,glucose homeostasis
GO:0032580,Golgi cisterna membrane
GO:0003401,axis elongation
GO:0042493,response to drug
GO:0007044,cell-substrate junction assembly
GO:0042698,ovulation cycle
GO:0001910,regulation of leukocyte mediated cytotoxicity
GO:0009743,response to carbohydrate
GO:0048708,astrocyte differentiation
GO:0150115,cell-substrate junction organization
GO:0060602,branch elongation of an epithelium
GO:1903307,positive regulation of regulated secretory pathway
GO:0070304,positive regulation of stress-activated protein kinase signaling cascade
GO:0044092,negative regulation of molecular function
GO:0051248,negative regulation of protein metabolic process
GO:0034332,adherens junction organization
GO:0010518,positive regulation of phospholipase activity
GO:0070509,calcium ion import
GO:0015837,amine transport
GO:0061614,pri-miRNA transcription by RNA polymerase II
GO:0014911,positive regulation of smooth muscle cell migration
GO:0015718,monocarboxylic acid transport
GO:0030666,endocytic vesicle membrane
GO:0032589,neuron projection membrane
GO:0022409,positive regulation of cell-cell adhesion
GO:0030501,positive regulation of bone mineralization
GO:0051952,regulation of amine transport
GO:0060191,regulation of lipase activity
GO:0015701,bicarbonate transport
GO:0044070,regulation of anion transport
GO:0022037,metencephalon development
GO:0007605,sensory perception of sound
GO:0043198,dendritic shaft
GO:0014074,response to purine-containing compound
GO:0051393,alpha-actinin binding
GO:0048511,rhythmic process
GO:0042802,identical protein binding
GO:0099106,ion channel regulator activity
GO:0031960,response to corticosteroid
GO:1901879,regulation of protein depolymerization
GO:0001909,leukocyte mediated cytotoxicity
GO:1904064,positive regulation of cation transmembrane transport
GO:0046330,positive regulation of JNK cascade
GO:0032233,positive regulation of actin filament bundle assembly
GO:0051155,positive regulation of striated muscle cell differentiation
GO:0051145,smooth muscle cell differentiation
GO:0006024,glycosaminoglycan biosynthetic process
GO:0097756,negative regulation of blood vessel diameter
GO:0010008,endosome membrane
GO:0036379,myofilament
GO:0032281,AMPA glutamate receptor complex
GO:0071702,organic substance transport
GO:0046332,SMAD binding
GO:0031985,Golgi cisterna
GO:0021700,developmental maturation
GO:0034110,regulation of homotypic cell-cell adhesion
GO:1901184,regulation of ERBB signaling pathway
GO:1904951,positive regulation of establishment of protein localization
GO:0044291,cell-cell contact zone
GO:0014855,striated muscle cell proliferation
GO:0043588,skin development
GO:0042476,odontogenesis
GO:0016331,morphogenesis of embryonic epithelium
GO:0030276,clathrin binding
GO:0099095,ligand-gated anion channel activity
GO:0005125,cytokine activity
GO:0030832,regulation of actin filament length
GO:0098926,postsynaptic signal transduction
GO:0032874,positive regulation of stress-activated MAPK cascade
GO:0030837,negative regulation of actin filament polymerization
GO:0051965,positive regulation of synapse assembly
GO:0051932,synaptic transmission, GABAergic
GO:1902893,regulation of pri-miRNA transcription by RNA polymerase II
GO:0060021,roof of mouth development
GO:0043242,negative regulation of protein-containing complex disassembly
GO:1901379,regulation of potassium ion transmembrane transport
GO:0005667,transcription regulator complex
GO:0008328,ionotropic glutamate receptor complex
GO:0031333,negative regulation of protein-containing complex assembly
GO:0060411,cardiac septum morphogenesis
GO:0042310,vasoconstriction
GO:0086091,regulation of heart rate by cardiac conduction
GO:0015850,organic hydroxy compound transport
GO:0048588,developmental cell growth
GO:0051058,negative regulation of small GTPase mediated signal transduction
GO:0018210,peptidyl-threonine modification
GO:0051384,response to glucocorticoid
GO:0021537,telencephalon development
GO:0017046,peptide hormone binding
GO:0009582,detection of abiotic stimulus
GO:0071868,cellular response to monoamine stimulus
GO:0071870,cellular response to catecholamine stimulus
GO:0006940,regulation of smooth muscle contraction
GO:0000768,syncytium formation by plasma membrane fusion
GO:0140253,cell-cell fusion
GO:0000187,activation of MAPK activity
GO:0043069,negative regulation of programmed cell death
GO:0060740,prostate gland epithelium morphogenesis
GO:0060037,pharyngeal system development
GO:0008528,G protein-coupled peptide receptor activity
GO:0008064,regulation of actin polymerization or depolymerization
GO:0031110,regulation of microtubule polymerization or depolymerization
GO:0001649,osteoblast differentiation
GO:0031623,receptor internalization
GO:0018107,peptidyl-threonine phosphorylation
GO:0061458,reproductive system development
GO:0009581,detection of external stimulus
GO:0005496,steroid binding
GO:0010717,regulation of epithelial to mesenchymal transition
GO:2000649,regulation of sodium ion transmembrane transporter activity
GO:0010596,negative regulation of endothelial cell migration
GO:0032330,regulation of chondrocyte differentiation
GO:0032809,neuronal cell body membrane
GO:0035418,protein localization to synapse
GO:0021602,cranial nerve morphogenesis
GO:0007179,transforming growth factor beta receptor signaling pathway
GO:1903524,positive regulation of blood circulation
GO:0055007,cardiac muscle cell differentiation
GO:0007229,integrin-mediated signaling pathway
GO:0030833,regulation of actin filament polymerization
GO:0005080,protein kinase C binding
GO:0043066,negative regulation of apoptotic process
GO:0048041,focal adhesion assembly
GO:0032147,activation of protein kinase activity
GO:0008217,regulation of blood pressure
GO:0007156,homophilic cell adhesion via plasma membrane adhesion molecules
GO:0015748,organophosphate ester transport
GO:0005212,structural constituent of eye lens
GO:0009931,calcium-dependent protein serine/threonine kinase activity
GO:0008361,regulation of cell size
GO:0014888,striated muscle adaptation
GO:0005903,brush border
GO:0042058,regulation of epidermal growth factor receptor signaling pathway
GO:0089718,amino acid import across plasma membrane
GO:0086009,membrane repolarization
GO:0048593,camera-type eye morphogenesis
GO:0071869,response to catecholamine
GO:0003156,regulation of animal organ formation
GO:0048048,embryonic eye morphogenesis
GO:0009954,proximal/distal pattern formation
GO:0071867,response to monoamine
GO:0007626,locomotory behavior
GO:1902742,apoptotic process involved in development
GO:0045667,regulation of osteoblast differentiation
GO:0002683,negative regulation of immune system process
GO:0005546,phosphatidylinositol-4,5-bisphosphate binding
GO:0005003,ephrin receptor activity
GO:0017022,myosin binding
GO:0031225,anchored component of membrane
GO:0048608,reproductive structure development
GO:0002793,positive regulation of peptide secretion
GO:0030203,glycosaminoglycan metabolic process
GO:1905360,GTPase complex
GO:0005834,heterotrimeric G-protein complex
GO:0008013,beta-catenin binding
GO:0048661,positive regulation of smooth muscle cell proliferation
GO:0043167,ion binding
GO:0010770,positive regulation of cell morphogenesis involved in differentiation
GO:0045921,positive regulation of exocytosis
GO:0001540,amyloid-beta binding
GO:0003014,renal system process
GO:0032609,interferon-gamma production
GO:0070167,regulation of biomineral tissue development
GO:0009913,epidermal cell differentiation
GO:0033555,multicellular organismal response to stress
GO:0051051,negative regulation of transport
GO:0048534,hematopoietic or lymphoid organ development
GO:1901880,negative regulation of protein depolymerization
GO:1904377,positive regulation of protein localization to cell periphery
GO:0046631,alpha-beta T cell activation
GO:0001935,endothelial cell proliferation
GO:0003730,mRNA 3'-UTR binding
GO:0032269,negative regulation of cellular protein metabolic process
GO:0051651,maintenance of location in cell
GO:0008134,transcription factor binding
GO:0043300,regulation of leukocyte degranulation
GO:0048701,embryonic cranial skeleton morphogenesis
GO:1903034,regulation of response to wounding
GO:0010927,cellular component assembly involved in morphogenesis
GO:0003279,cardiac septum development
GO:0021549,cerebellum development
GO:0006949,syncytium formation
GO:0098862,cluster of actin-based cell projections
GO:0007520,myoblast fusion
GO:0055025,positive regulation of cardiac muscle tissue development
GO:1901654,response to ketone
GO:0043523,regulation of neuron apoptotic process
GO:0034706,sodium channel complex
GO:0010469,regulation of signaling receptor activity
GO:0033135,regulation of peptidyl-serine phosphorylation
GO:0055038,recycling endosome membrane
GO:1903115,regulation of actin filament-based movement
GO:0001816,cytokine production
GO:0030104,water homeostasis
GO:0035137,hindlimb morphogenesis
GO:0010831,positive regulation of myotube differentiation
GO:0003230,cardiac atrium development
GO:0010092,specification of animal organ identity
GO:0031128,developmental induction
GO:0045087,innate immune response
GO:0061326,renal tubule development
GO:0050848,regulation of calcium-mediated signaling
GO:0062014,negative regulation of small molecule metabolic process
GO:0032963,collagen metabolic process
GO:0060349,bone morphogenesis
GO:0060041,retina development in camera-type eye
GO:0043524,negative regulation of neuron apoptotic process
GO:0086012,membrane depolarization during cardiac muscle cell action potential
GO:0009892,negative regulation of metabolic process
GO:0010035,response to inorganic substance
GO:0042056,chemoattractant activity
GO:0003179,heart valve morphogenesis
GO:0090102,cochlea development
GO:0098563,intrinsic component of synaptic vesicle membrane
GO:0030282,bone mineralization
GO:0045178,basal part of cell
GO:0031091,platelet alpha granule
GO:0001885,endothelial cell development
GO:0050714,positive regulation of protein secretion
GO:0070542,response to fatty acid
GO:0034446,substrate adhesion-dependent cell spreading
GO:0043500,muscle adaptation
GO:0072080,nephron tubule development
GO:0110149,regulation of biomineralization
GO:0051963,regulation of synapse assembly
GO:0043090,amino acid import
GO:0008038,neuron recognition
GO:0060548,negative regulation of cell death
GO:1990138,neuron projection extension
GO:0032355,response to estradiol
GO:0046785,microtubule polymerization
GO:0030730,sequestering of triglyceride
GO:0001952,regulation of cell-matrix adhesion
GO:0035265,organ growth
GO:1900449,regulation of glutamate receptor signaling pathway
GO:0060389,pathway-restricted SMAD protein phosphorylation
GO:0007602,phototransduction
GO:1904645,response to amyloid-beta
GO:0072583,clathrin-dependent endocytosis
GO:1990782,protein tyrosine kinase binding
GO:0050953,sensory perception of light stimulus
GO:0005200,structural constituent of cytoskeleton
GO:0016328,lateral plasma membrane
GO:0021953,central nervous system neuron differentiation
GO:0030148,sphingolipid biosynthetic process
GO:0005795,Golgi stack
GO:0042625,ATPase-coupled ion transmembrane transporter activity
GO:0051153,regulation of striated muscle cell differentiation
GO:0070491,repressing transcription factor binding
GO:0043086,negative regulation of catalytic activity
GO:0060076,excitatory synapse
GO:0048663,neuron fate commitment
GO:0071346,cellular response to interferon-gamma
GO:0071383,cellular response to steroid hormone stimulus
GO:1904375,regulation of protein localization to cell periphery
GO:1902373,negative regulation of mRNA catabolic process
GO:0071398,cellular response to fatty acid
GO:0045669,positive regulation of osteoblast differentiation
GO:0048844,artery morphogenesis
GO:0034113,heterotypic cell-cell adhesion
GO:0032232,negative regulation of actin filament bundle assembly
GO:0031116,positive regulation of microtubule polymerization
GO:2000300,regulation of synaptic vesicle exocytosis
GO:0070302,regulation of stress-activated protein kinase signaling cascade
GO:0014904,myotube cell development
GO:0071526,semaphorin-plexin signaling pathway
GO:0002687,positive regulation of leukocyte migration
GO:0038083,peptidyl-tyrosine autophosphorylation
GO:0007422,peripheral nervous system development
GO:0006023,aminoglycan biosynthetic process
GO:1901618,organic hydroxy compound transmembrane transporter activity
GO:0030097,hemopoiesis
GO:1903037,regulation of leukocyte cell-cell adhesion
GO:0001653,peptide receptor activity
GO:0051261,protein depolymerization
GO:1905144,response to acetylcholine
GO:0055024,regulation of cardiac muscle tissue development
GO:0034694,response to prostaglandin
GO:1905145,cellular response to acetylcholine
GO:1901019,regulation of calcium ion transmembrane transporter activity
GO:0043548,phosphatidylinositol 3-kinase binding
GO:0016311,dephosphorylation
GO:0008307,structural constituent of muscle
GO:0030864,cortical actin cytoskeleton
GO:0017156,calcium-ion regulated exocytosis
GO:0031529,ruffle organization
GO:0003073,regulation of systemic arterial blood pressure
GO:0019217,regulation of fatty acid metabolic process
GO:0032729,positive regulation of interferon-gamma production
GO:0001656,metanephros development
GO:0048546,digestive tract morphogenesis
GO:0042613,MHC class II protein complex
GO:0046328,regulation of JNK cascade
GO:0034341,response to interferon-gamma
GO:0043169,cation binding
GO:0005310,dicarboxylic acid transmembrane transporter activity
GO:0005109,frizzled binding
GO:0032872,regulation of stress-activated MAPK cascade
GO:0009583,detection of light stimulus
GO:0014704,intercalated disc
GO:0099061,integral component of postsynaptic density membrane
GO:0045912,negative regulation of carbohydrate metabolic process
GO:0031290,retinal ganglion cell axon guidance
GO:2001026,regulation of endothelial cell chemotaxis
GO:0015370,solute:sodium symporter activity
GO:0045576,mast cell activation
GO:0003674,molecular_function
GO:0048168,regulation of neuronal synaptic plasticity
GO:0001764,neuron migration
GO:0017158,regulation of calcium ion-dependent exocytosis
GO:0032964,collagen biosynthetic process
GO:2001222,regulation of neuron migration
GO:0003197,endocardial cushion development
GO:0098631,cell adhesion mediator activity
GO:0005319,lipid transporter activity
GO:0048813,dendrite morphogenesis
GO:0072009,nephron epithelium development
GO:0060541,respiratory system development
GO:0099601,regulation of neurotransmitter receptor activity
GO:0007565,female pregnancy
GO:0003151,outflow tract morphogenesis
GO:0060393,regulation of pathway-restricted SMAD protein phosphorylation
GO:0030834,regulation of actin filament depolymerization
GO:0001708,cell fate specification
GO:0015874,norepinephrine transport
GO:0072677,eosinophil migration
GO:0043535,regulation of blood vessel endothelial cell migration
GO:0060840,artery development
GO:0001892,embryonic placenta development
GO:0050865,regulation of cell activation
GO:0007379,segment specification
GO:0044849,estrous cycle
GO:0048172,regulation of short-term neuronal synaptic plasticity
GO:0043244,regulation of protein-containing complex disassembly
GO:0019829,ATPase-coupled cation transmembrane transporter activity
GO:0010857,calcium-dependent protein kinase activity
GO:0072006,nephron development
GO:0071222,cellular response to lipopolysaccharide
GO:0043112,receptor metabolic process
GO:0010633,negative regulation of epithelial cell migration
GO:1901186,positive regulation of ERBB signaling pathway
GO:0030866,cortical actin cytoskeleton organization
GO:0045599,negative regulation of fat cell differentiation
GO:0045744,negative regulation of G protein-coupled receptor signaling pathway
GO:0086004,regulation of cardiac muscle cell contraction
GO:0060669,embryonic placenta morphogenesis
GO:0007193,adenylate cyclase-inhibiting G protein-coupled receptor signaling pathway
GO:0086019,cell-cell signaling involved in cardiac conduction
GO:0061035,regulation of cartilage development
GO:0010762,regulation of fibroblast migration
GO:0060384,innervation
GO:0043271,negative regulation of ion transport
GO:0030879,mammary gland development
GO:0007601,visual perception
GO:0001914,regulation of T cell mediated cytotoxicity
GO:0061036,positive regulation of cartilage development
GO:0030947,regulation of vascular endothelial growth factor receptor signaling pathway
GO:0019233,sensory perception of pain
GO:0001817,regulation of cytokine production
GO:0002274,myeloid leukocyte activation
GO:0014031,mesenchymal cell development
GO:0030510,regulation of BMP signaling pathway
GO:0001938,positive regulation of endothelial cell proliferation
GO:0033138,positive regulation of peptidyl-serine phosphorylation
GO:0017075,syntaxin-1 binding
GO:0008066,glutamate receptor activity
GO:0008514,organic anion transmembrane transporter activity
GO:0046470,phosphatidylcholine metabolic process
GO:0031214,biomineral tissue development
GO:0051057,positive regulation of small GTPase mediated signal transduction
GO:0045604,regulation of epidermal cell differentiation
GO:0022408,negative regulation of cell-cell adhesion
GO:0048255,mRNA stabilization
GO:0030669,clathrin-coated endocytic vesicle membrane
GO:0099146,intrinsic component of postsynaptic density membrane
GO:0032411,positive regulation of transporter activity
GO:0043666,regulation of phosphoprotein phosphatase activity
GO:0009746,response to hexose
GO:0001890,placenta development
GO:0001217,DNA-binding transcription repressor activity
GO:0045123,cellular extravasation
GO:0034704,calcium channel complex
GO:0010595,positive regulation of endothelial cell migration
GO:1903351,cellular response to dopamine
GO:0014015,positive regulation of gliogenesis
GO:0071219,cellular response to molecule of bacterial origin
GO:0003333,amino acid transmembrane transport
GO:0010677,negative regulation of cellular carbohydrate metabolic process
GO:0090545,CHD-type complex
GO:0098553,lumenal side of endoplasmic reticulum membrane
GO:0071556,integral component of lumenal side of endoplasmic reticulum membrane
GO:0016581,NuRD complex
GO:1904427,positive regulation of calcium ion transmembrane transport
GO:0007213,G protein-coupled acetylcholine receptor signaling pathway
GO:2000479,regulation of cAMP-dependent protein kinase activity
GO:0043168,anion binding
GO:0051402,neuron apoptotic process
GO:0048306,calcium-dependent protein binding
GO:0001709,cell fate determination
GO:0050773,regulation of dendrite development
GO:0034284,response to monosaccharide
GO:0042475,odontogenesis of dentin-containing tooth
GO:0001227,DNA-binding transcription repressor activity, RNA polymerase II-specific
GO:0060350,endochondral bone morphogenesis
GO:0097720,calcineurin-mediated signaling
GO:0030850,prostate gland development
GO:0070169,positive regulation of biomineral tissue development
GO:0110151,positive regulation of biomineralization
GO:0031016,pancreas development
GO:0045913,positive regulation of carbohydrate metabolic process
GO:0110148,biomineralization
GO:0005901,caveola
GO:0010811,positive regulation of cell-substrate adhesion
GO:0010882,regulation of cardiac muscle contraction by calcium ion signaling
GO:0043586,tongue development
GO:0034695,response to prostaglandin E
GO:1903078,positive regulation of protein localization to plasma membrane
GO:0030552,cAMP binding
GO:0010563,negative regulation of phosphorus metabolic process
GO:0061351,neural precursor cell proliferation
GO:0005005,transmembrane-ephrin receptor activity
GO:0010524,positive regulation of calcium ion transport into cytosol
GO:0048643,positive regulation of skeletal muscle tissue development
GO:0099054,presynapse assembly
GO:0060045,positive regulation of cardiac muscle cell proliferation
GO:0035235,ionotropic glutamate receptor signaling pathway
GO:0060561,apoptotic process involved in morphogenesis
GO:0031112,positive regulation of microtubule polymerization or depolymerization
GO:1905153,regulation of membrane invagination
GO:0001755,neural crest cell migration
GO:0003209,cardiac atrium morphogenesis
GO:2000171,negative regulation of dendrite development
GO:0095500,acetylcholine receptor signaling pathway
GO:0032890,regulation of organic acid transport
GO:0070373,negative regulation of ERK1 and ERK2 cascade
GO:0032426,stereocilium tip
GO:0090533,cation-transporting ATPase complex
GO:0001570,vasculogenesis
GO:0031093,platelet alpha granule lumen
GO:0006470,protein dephosphorylation
GO:0001786,phosphatidylserine binding
GO:0046872,metal ion binding
GO:0031901,early endosome membrane
GO:0031102,neuron projection regeneration
GO:0045936,negative regulation of phosphate metabolic process
GO:0030316,osteoclast differentiation
GO:1901890,positive regulation of cell junction assembly
GO:0001533,cornified envelope
GO:0035329,hippo signaling
GO:0032924,activin receptor signaling pathway
GO:0045926,negative regulation of growth
GO:0014066,regulation of phosphatidylinositol 3-kinase signaling
GO:0002688,regulation of leukocyte chemotaxis
GO:0002279,mast cell activation involved in immune response
GO:0045927,positive regulation of growth
GO:0045444,fat cell differentiation
GO:0030324,lung development
GO:1903350,response to dopamine
GO:0032633,interleukin-4 production
GO:0060412,ventricular septum morphogenesis
GO:0016528,sarcoplasm
GO:0009925,basal plasma membrane
GO:0035904,aorta development
GO:0030308,negative regulation of cell growth
GO:0030838,positive regulation of actin filament polymerization
GO:1902743,regulation of lamellipodium organization
GO:0099172,presynapse organization
GO:0060711,labyrinthine layer development
GO:0098900,regulation of action potential
GO:0014013,regulation of gliogenesis
GO:0070527,platelet aggregation
GO:0052695,cellular glucuronidation
GO:0001911,negative regulation of leukocyte mediated cytotoxicity
GO:0031000,response to caffeine
GO:0048268,clathrin coat assembly
GO:0030212,hyaluronan metabolic process
GO:0045742,positive regulation of epidermal growth factor receptor signaling pathway
GO:0007223,Wnt signaling pathway, calcium modulating pathway
GO:0043506,regulation of JUN kinase activity
GO:0014033,neural crest cell differentiation
GO:0021543,pallium development
GO:0007043,cell-cell junction assembly
GO:1903076,regulation of protein localization to plasma membrane
GO:0032649,regulation of interferon-gamma production
GO:1903670,regulation of sprouting angiogenesis
GO:0061180,mammary gland epithelium development
GO:0043507,positive regulation of JUN kinase activity
GO:0015807,L-amino acid transport
GO:0002250,adaptive immune response
GO:0045010,actin nucleation
GO:0046580,negative regulation of Ras protein signal transduction
GO:0002065,columnar/cuboidal epithelial cell differentiation
GO:0035282,segmentation
GO:1903959,regulation of anion transmembrane transport
GO:0043537,negative regulation of blood vessel endothelial cell migration
GO:0031109,microtubule polymerization or depolymerization
GO:0008083,growth factor activity
GO:0035304,regulation of protein dephosphorylation
GO:0048639,positive regulation of developmental growth
GO:0009749,response to glucose
GO:1905954,positive regulation of lipid localization
GO:0030534,adult behavior
GO:0035924,cellular response to vascular endothelial growth factor stimulus
GO:0010644,cell communication by electrical coupling
GO:1901214,regulation of neuron death
GO:0043651,linoleic acid metabolic process
GO:0060713,labyrinthine layer morphogenesis
GO:0050927,positive regulation of positive chemotaxis
GO:0002886,regulation of myeloid leukocyte mediated immunity
GO:0090330,regulation of platelet aggregation
GO:0010001,glial cell differentiation
GO:0086005,ventricular cardiac muscle cell action potential
GO:0002690,positive regulation of leukocyte chemotaxis
GO:0032934,sterol binding
GO:0015485,cholesterol binding
GO:0030551,cyclic nucleotide binding
GO:0032943,mononuclear cell proliferation
GO:0043502,regulation of muscle adaptation
GO:0035767,endothelial cell chemotaxis
GO:0090103,cochlea morphogenesis
GO:0043501,skeletal muscle adaptation
GO:1903306,negative regulation of regulated secretory pathway
GO:0046683,response to organophosphorus
GO:0015844,monoamine transport
GO:1902106,negative regulation of leukocyte differentiation
GO:0021536,diencephalon development
GO:0032414,positive regulation of ion transmembrane transporter activity
GO:0051937,catecholamine transport
GO:0043114,regulation of vascular permeability
GO:0045823,positive regulation of heart contraction
GO:0051496,positive regulation of stress fiber assembly
GO:0061028,establishment of endothelial barrier
GO:0030857,negative regulation of epithelial cell differentiation
GO:0043303,mast cell degranulation
GO:0032590,dendrite membrane
GO:0045334,clathrin-coated endocytic vesicle
GO:0005154,epidermal growth factor receptor binding
GO:0043393,regulation of protein binding
GO:0002576,platelet degranulation
GO:0016043,cellular component organization
GO:0030098,lymphocyte differentiation
GO:0006665,sphingolipid metabolic process
GO:0014061,regulation of norepinephrine secretion
GO:0034637,cellular carbohydrate biosynthetic process
GO:1901016,regulation of potassium ion transmembrane transporter activity
GO:0010889,regulation of sequestering of triglyceride
GO:0060099,regulation of phagocytosis, engulfment
GO:0045953,negative regulation of natural killer cell mediated cytotoxicity
GO:0045747,positive regulation of Notch signaling pathway
GO:0035259,glucocorticoid receptor binding
GO:0051371,muscle alpha-actinin binding
GO:1903039,positive regulation of leukocyte cell-cell adhesion
GO:0046651,lymphocyte proliferation
GO:0043178,alcohol binding
GO:0005343,organic acid:sodium symporter activity
GO:0030216,keratinocyte differentiation
GO:0050772,positive regulation of axonogenesis
GO:0003091,renal water homeostasis
GO:0140297,DNA-binding transcription factor binding
GO:1901681,sulfur compound binding
GO:0042982,amyloid precursor protein metabolic process
GO:0061333,renal tubule morphogenesis
GO:0050891,multicellular organismal water homeostasis
GO:0044295,axonal growth cone
GO:0061844,antimicrobial humoral immune response mediated by antimicrobial peptide
GO:0003281,ventricular septum development
GO:0015293,symporter activity
GO:0030099,myeloid cell differentiation
GO:0098632,cell-cell adhesion mediator activity
GO:1904646,cellular response to amyloid-beta
GO:0048741,skeletal muscle fiber development
GO:0003203,endocardial cushion morphogenesis
GO:0002448,mast cell mediated immunity
GO:0045661,regulation of myoblast differentiation
GO:0002042,cell migration involved in sprouting angiogenesis
GO:0060038,cardiac muscle cell proliferation
GO:0031644,regulation of nervous system process
GO:0007612,learning
GO:1903707,negative regulation of hemopoiesis
GO:0031341,regulation of cell killing
GO:0035591,signaling adaptor activity
GO:0019905,syntaxin binding
GO:0085029,extracellular matrix assembly
GO:0030835,negative regulation of actin filament depolymerization
GO:0003009,skeletal muscle contraction
GO:0010830,regulation of myotube differentiation
GO:0001659,temperature homeostasis
GO:0030042,actin filament depolymerization
GO:0098982,GABA-ergic synapse
GO:0016051,carbohydrate biosynthetic process
GO:0030323,respiratory tube development
GO:0002433,immune response-regulating cell surface receptor signaling pathway involved in phagocytosis
GO:0038096,Fc-gamma receptor signaling pathway involved in phagocytosis
GO:0014032,neural crest cell development
GO:0032418,lysosome localization
GO:0007613,memory
GO:0051893,regulation of focal adhesion assembly
GO:0072678,T cell migration
GO:0090109,regulation of cell-substrate junction assembly
GO:0099622,cardiac muscle cell membrane repolarization
GO:1901385,regulation of voltage-gated calcium channel activity
GO:0035019,somatic stem cell population maintenance
GO:2001259,positive regulation of cation channel activity
GO:0055012,ventricular cardiac muscle cell differentiation
GO:0086064,cell communication by electrical coupling involved in cardiac conduction
GO:0051923,sulfation
GO:0042693,muscle cell fate commitment
GO:1905276,regulation of epithelial tube formation
GO:0098703,calcium ion import across plasma membrane
GO:0072673,lamellipodium morphogenesis
GO:1990874,vascular associated smooth muscle cell proliferation
GO:1905207,regulation of cardiocyte differentiation
GO:1903827,regulation of cellular protein localization
GO:1904705,regulation of vascular associated smooth muscle cell proliferation
GO:0045807,positive regulation of endocytosis
GO:0035116,embryonic hindlimb morphogenesis
GO:1903514,release of sequestered calcium ion into cytosol by endoplasmic reticulum
GO:1903672,positive regulation of sprouting angiogenesis
GO:0097178,ruffle assembly
GO:2000249,regulation of actin cytoskeleton reorganization
GO:0016339,calcium-dependent cell-cell adhesion via plasma membrane cell adhesion molecules
GO:0048660,regulation of smooth muscle cell proliferation
GO:0071470,cellular response to osmotic stress
GO:0051693,actin filament capping
GO:0050852,T cell receptor signaling pathway
GO:0000149,SNARE binding
GO:0005201,extracellular matrix structural constituent
GO:0070997,neuron death
GO:0045956,positive regulation of calcium ion-dependent exocytosis
GO:2000311,regulation of AMPA receptor activity
GO:0048596,embryonic camera-type eye morphogenesis
GO:0048668,collateral sprouting
GO:0140058,neuron projection arborization
GO:0150105,protein localization to cell-cell junction
GO:0032332,positive regulation of chondrocyte differentiation
GO:0051018,protein kinase A binding
GO:0048675,axon extension
GO:0015813,L-glutamate transmembrane transport
GO:0006022,aminoglycan metabolic process
GO:0044305,calyx of Held
GO:1904888,cranial skeletal system development
GO:0050771,negative regulation of axonogenesis
GO:0005246,calcium channel regulator activity
GO:0060993,kidney morphogenesis
GO:0043255,regulation of carbohydrate biosynthetic process
GO:0006464,cellular protein modification process
GO:0036211,protein modification process
GO:0043296,apical junction complex
GO:0070851,growth factor receptor binding
GO:0015464,acetylcholine receptor activity
GO:0046943,carboxylic acid transmembrane transporter activity
GO:0031111,negative regulation of microtubule polymerization or depolymerization
GO:0070273,phosphatidylinositol-4-phosphate binding
GO:0032092,positive regulation of protein binding
GO:0042098,T cell proliferation
GO:0004114,3',5'-cyclic-nucleotide phosphodiesterase activity
GO:0003785,actin monomer binding
GO:0033612,receptor serine/threonine kinase binding
GO:0005518,collagen binding
GO:0048864,stem cell development
GO:0048771,tissue remodeling
GO:0002252,immune effector process
GO:0050866,negative regulation of cell activation
GO:0034763,negative regulation of transmembrane transport
GO:0070661,leukocyte proliferation
GO:0001658,branching involved in ureteric bud morphogenesis
GO:0003407,neural retina development
GO:0001838,embryonic epithelial tube formation
GO:0090218,positive regulation of lipid kinase activity
GO:0010765,positive regulation of sodium ion transport
GO:0150116,regulation of cell-substrate junction organization
GO:0003170,heart valve development
GO:0009880,embryonic pattern specification
GO:0034394,protein localization to cell surface
GO:0090277,positive regulation of peptide hormone secretion
GO:0042596,fear response
GO:0006509,membrane protein ectodomain proteolysis
GO:0032103,positive regulation of response to external stimulus
GO:0044548,S100 protein binding
GO:0002475,antigen processing and presentation via MHC class Ib
GO:0030497,fatty acid elongation
GO:0045217,cell-cell junction maintenance
GO:0018298,protein-chromophore linkage
GO:0002087,regulation of respiratory gaseous exchange by nervous system process
GO:0042761,very long-chain fatty acid biosynthetic process
GO:0070486,leukocyte aggregation
GO:0015294,solute:cation symporter activity
GO:0002431,Fc receptor mediated stimulatory signaling pathway
GO:0006970,response to osmotic stress
GO:0030673,axolemma
GO:0043194,axon initial segment
GO:0071695,anatomical structure maturation
GO:0010605,negative regulation of macromolecule metabolic process
GO:0007219,Notch signaling pathway
GO:0002694,regulation of leukocyte activation
GO:0072348,sulfur compound transport
GO:0110111,negative regulation of animal organ morphogenesis
GO:0032673,regulation of interleukin-4 production
GO:0045907,positive regulation of vasoconstriction
GO:0106027,neuron projection organization
GO:0045682,regulation of epidermis development
GO:0034766,negative regulation of ion transmembrane transport
GO:0060291,long-term synaptic potentiation
GO:0097306,cellular response to alcohol
GO:0060828,regulation of canonical Wnt signaling pathway
GO:0016010,dystrophin-associated glycoprotein complex
GO:0090665,glycoprotein complex
GO:1902711,GABA-A receptor complex
GO:0043536,positive regulation of blood vessel endothelial cell migration
GO:0008347,glial cell migration
GO:2000027,regulation of animal organ morphogenesis
GO:0005902,microvillus
GO:0002209,behavioral defense response
GO:1902895,positive regulation of pri-miRNA transcription by RNA polymerase II
GO:0072171,mesonephric tubule morphogenesis
GO:0035710,CD4-positive, alpha-beta T cell activation
GO:0005798,Golgi-associated vesicle
GO:0005342,organic acid transmembrane transporter activity
GO:0099173,postsynapse organization
GO:0003180,aortic valve morphogenesis
GO:0007214,gamma-aminobutyric acid signaling pathway
GO:0060143,positive regulation of syncytium formation by plasma membrane fusion
GO:0050690,regulation of defense response to virus by virus
GO:0014808,release of sequestered calcium ion into cytosol by sarcoplasmic reticulum
GO:0071875,adrenergic receptor signaling pathway
GO:0002573,myeloid leukocyte differentiation
GO:0043204,perikaryon
GO:0035579,specific granule membrane
GO:0098576,lumenal side of membrane
GO:0043401,steroid hormone mediated signaling pathway
GO:0017015,regulation of transforming growth factor beta receptor signaling pathway
GO:0045598,regulation of fat cell differentiation
GO:0051014,actin filament severing
GO:0009812,flavonoid metabolic process
GO:0050774,negative regulation of dendrite morphogenesis
GO:0060973,cell migration involved in heart development
GO:0003184,pulmonary valve morphogenesis
GO:0007216,G protein-coupled glutamate receptor signaling pathway
GO:0070593,dendrite self-avoidance
GO:0045721,negative regulation of gluconeogenesis
GO:0002523,leukocyte migration involved in inflammatory response
GO:1902358,sulfate transmembrane transport
GO:0033173,calcineurin-NFAT signaling cascade
GO:0060396,growth hormone receptor signaling pathway
GO:0051873,killing by host of symbiont cells
GO:0071880,adenylate cyclase-activating adrenergic receptor signaling pathway
GO:1900740,positive regulation of protein insertion into mitochondrial membrane involved in apoptotic signaling pathway
GO:0032024,positive regulation of insulin secretion
GO:0033692,cellular polysaccharide biosynthetic process
GO:1900739,regulation of protein insertion into mitochondrial membrane involved in apoptotic signaling pathway
GO:0072028,nephron morphogenesis
GO:0002068,glandular epithelial cell development
GO:0045821,positive regulation of glycolytic process
GO:0001916,positive regulation of T cell mediated cytotoxicity
GO:0035336,long-chain fatty-acyl-CoA metabolic process
GO:0010880,regulation of release of sequestered calcium ion into cytosol by sarcoplasmic reticulum
GO:0050855,regulation of B cell receptor signaling pathway
GO:0010818,T cell chemotaxis
GO:0045923,positive regulation of fatty acid metabolic process
GO:1905314,semi-lunar valve development
GO:0050818,regulation of coagulation
GO:0036465,synaptic vesicle recycling
GO:0002709,regulation of T cell mediated immunity
GO:0097120,receptor localization to synapse
GO:0031103,axon regeneration
GO:0072175,epithelial tube formation
GO:0045663,positive regulation of myoblast differentiation
GO:1904738,vascular associated smooth muscle cell migration
GO:1904886,beta-catenin destruction complex disassembly
GO:1904752,regulation of vascular associated smooth muscle cell migration
GO:0031342,negative regulation of cell killing
GO:0014912,negative regulation of smooth muscle cell migration
GO:0015749,monosaccharide transmembrane transport
GO:0001759,organ induction
GO:0048245,eosinophil chemotaxis
GO:2001014,regulation of skeletal muscle cell differentiation
GO:0050926,regulation of positive chemotaxis
GO:0035821,modulation of process of other organism
GO:0035338,long-chain fatty-acyl-CoA biosynthetic process
GO:0003215,cardiac right ventricle morphogenesis
GO:0003283,atrial septum development
GO:0097320,plasma membrane tubulation
GO:0070875,positive regulation of glycogen metabolic process
GO:0032413,negative regulation of ion transmembrane transporter activity
GO:0043254,regulation of protein-containing complex assembly
GO:0002437,inflammatory response to antigenic stimulus
GO:0046579,positive regulation of Ras protein signal transduction
GO:0071384,cellular response to corticosteroid stimulus
GO:1902475,L-alpha-amino acid transmembrane transport
GO:0009584,detection of visible light
GO:0008553,proton-exporting ATPase activity, phosphorylative mechanism
GO:0099175,regulation of postsynapse organization
GO:1900046,regulation of hemostasis
GO:1903312,negative regulation of mRNA metabolic process
GO:0010629,negative regulation of gene expression
GO:0005548,phospholipid transporter activity
GO:0071813,lipoprotein particle binding
GO:0071814,protein-lipid complex binding
GO:0046875,ephrin receptor binding
GO:0005217,intracellular ligand-gated ion channel activity
GO:0001784,phosphotyrosine residue binding
GO:0032102,negative regulation of response to external stimulus
GO:0030667,secretory granule membrane
GO:0048659,smooth muscle cell proliferation
GO:0070160,tight junction
GO:1904659,glucose transmembrane transport
GO:0055006,cardiac cell development
GO:0010799,regulation of peptidyl-threonine phosphorylation
GO:0045920,negative regulation of exocytosis
GO:0048384,retinoic acid receptor signaling pathway
GO:0042573,retinoic acid metabolic process
GO:0002520,immune system development
GO:1903829,positive regulation of cellular protein localization
GO:0070696,transmembrane receptor protein serine/threonine kinase binding
GO:0005769,early endosome
GO:0010675,regulation of cellular carbohydrate metabolic process
GO:0030010,establishment of cell polarity
GO:0016782,transferase activity, transferring sulfur-containing groups
GO:0003044,regulation of systemic arterial blood pressure mediated by a chemical signal
GO:0007157,heterophilic cell-cell adhesion via plasma membrane cell adhesion molecules
GO:0031018,endocrine pancreas development
GO:1900544,positive regulation of purine nucleotide metabolic process
GO:0045981,positive regulation of nucleotide metabolic process
GO:0061383,trabecula morphogenesis
GO:0051489,regulation of filopodium assembly
GO:0031680,G-protein beta/gamma-subunit complex
GO:0061387,regulation of extent of cell growth
GO:0050905,neuromuscular process
GO:0030660,Golgi-associated vesicle membrane
GO:0006805,xenobiotic metabolic process
GO:1903793,positive regulation of anion transport
GO:0043954,cellular component maintenance
GO:0060675,ureteric bud morphogenesis
GO:0035148,tube formation
GO:0140238,presynaptic endocytosis
GO:0048488,synaptic vesicle endocytosis
GO:0010676,positive regulation of cellular carbohydrate metabolic process
GO:0071385,cellular response to glucocorticoid stimulus
GO:0005501,retinoid binding
GO:0045638,negative regulation of myeloid cell differentiation
GO:0008344,adult locomotory behavior
GO:0061041,regulation of wound healing
GO:0106106,cold-induced thermogenesis
GO:0120161,regulation of cold-induced thermogenesis
GO:0006950,response to stress
GO:0071216,cellular response to biotic stimulus
GO:0002695,negative regulation of leukocyte activation
GO:0060142,regulation of syncytium formation by plasma membrane fusion
GO:0060914,heart formation
GO:0035303,regulation of dephosphorylation
GO:0031076,embryonic camera-type eye development
GO:0014002,astrocyte development
GO:0001662,behavioral fear response
GO:0010907,positive regulation of glucose metabolic process
GO:0042326,negative regulation of phosphorylation
GO:0042629,mast cell granule
GO:0005891,voltage-gated calcium channel complex
GO:0099738,cell cortex region
GO:0005801,cis-Golgi network
GO:0072531,pyrimidine-containing compound transmembrane transport
GO:0060100,positive regulation of phagocytosis, engulfment
GO:0015824,proline transport
GO:0033004,negative regulation of mast cell activation
GO:0045933,positive regulation of muscle contraction
GO:0060536,cartilage morphogenesis
GO:0060442,branching involved in prostate gland morphogenesis
GO:0014870,response to muscle inactivity
GO:0021983,pituitary gland development
GO:0006002,fructose 6-phosphate metabolic process
GO:1905155,positive regulation of membrane invagination
GO:0006068,ethanol catabolic process
GO:1902287,semaphorin-plexin signaling pathway involved in axon guidance
GO:0006644,phospholipid metabolic process
GO:0043301,negative regulation of leukocyte degranulation
GO:0099566,regulation of postsynaptic cytosolic calcium ion concentration
GO:0000271,polysaccharide biosynthetic process
GO:0022617,extracellular matrix disassembly
GO:0030193,regulation of blood coagulation
GO:0038094,Fc-gamma receptor signaling pathway
GO:0005892,acetylcholine-gated channel complex
GO:0031640,killing of cells of other organism
GO:0042752,regulation of circadian rhythm
GO:1903844,regulation of cellular response to transforming growth factor beta stimulus
GO:0002026,regulation of the force of heart contraction
GO:1905209,positive regulation of cardiocyte differentiation
GO:0010996,response to auditory stimulus
GO:0071378,cellular response to growth hormone stimulus
GO:0051883,killing of cells in other organism involved in symbiotic interaction
GO:0071774,response to fibroblast growth factor
GO:0045637,regulation of myeloid cell differentiation
GO:0002762,negative regulation of myeloid leukocyte differentiation
GO:0050730,regulation of peptidyl-tyrosine phosphorylation
GO:0002067,glandular epithelial cell differentiation
GO:0042267,natural killer cell mediated cytotoxicity
GO:0097755,positive regulation of blood vessel diameter
GO:0008271,secondary active sulfate transmembrane transporter activity
GO:0005172,vascular endothelial growth factor receptor binding
GO:0004467,long-chain fatty acid-CoA ligase activity
GO:0097386,glial cell projection
GO:0002275,myeloid cell activation involved in immune response
GO:0048009,insulin-like growth factor receptor signaling pathway
GO:0019432,triglyceride biosynthetic process
GO:0051219,phosphoprotein binding
GO:0043299,leukocyte degranulation
GO:0050863,regulation of T cell activation
GO:0002443,leukocyte mediated immunity
GO:0055037,recycling endosome
GO:0007369,gastrulation
GO:1900120,regulation of receptor binding
GO:0032753,positive regulation of interleukin-4 production
GO:0048791,calcium ion-regulated exocytosis of neurotransmitter
GO:0021871,forebrain regionalization
GO:0003181,atrioventricular valve morphogenesis
GO:0072078,nephron tubule morphogenesis
GO:0032967,positive regulation of collagen biosynthetic process
GO:0046982,protein heterodimerization activity
GO:0055017,cardiac muscle tissue growth
GO:1905952,regulation of lipid localization
GO:0051702,interaction with symbiont
GO:0060419,heart growth
GO:0001701,in utero embryonic development
GO:0014856,skeletal muscle cell proliferation
GO:0048243,norepinephrine secretion
GO:0048266,behavioral response to pain
GO:0043117,positive regulation of vascular permeability
GO:0046629,gamma-delta T cell activation
GO:0034310,primary alcohol catabolic process
GO:0034111,negative regulation of homotypic cell-cell adhesion
GO:0032328,alanine transport
GO:0001976,nervous system process involved in regulation of systemic arterial blood pressure
GO:0071380,cellular response to prostaglandin E stimulus
GO:0002716,negative regulation of natural killer cell mediated immunity
GO:0038065,collagen-activated signaling pathway
GO:0045820,negative regulation of glycolytic process
GO:0046634,regulation of alpha-beta T cell activation
GO:0035809,regulation of urine volume
GO:0036119,response to platelet-derived growth factor
GO:0070935,3'-UTR-mediated mRNA stabilization
GO:1900543,negative regulation of purine nucleotide metabolic process
GO:0071379,cellular response to prostaglandin stimulus
GO:0008645,hexose transmembrane transport
GO:0061178,regulation of insulin secretion involved in cellular response to glucose stimulus
GO:1902105,regulation of leukocyte differentiation
GO:0043616,keratinocyte proliferation
GO:0010463,mesenchymal cell proliferation
GO:0034331,cell junction maintenance
GO:0038128,ERBB2 signaling pathway
GO:1901889,negative regulation of cell junction assembly
GO:0071711,basement membrane organization
GO:0051150,regulation of smooth muscle cell differentiation
GO:0051125,regulation of actin nucleation
GO:0045601,regulation of endothelial cell differentiation
GO:1902656,calcium ion import into cytosol
GO:1990000,amyloid fibril formation
GO:0048486,parasympathetic nervous system development
GO:0006883,cellular sodium ion homeostasis
GO:0017121,plasma membrane phospholipid scrambling
GO:0002011,morphogenesis of an epithelial sheet
GO:0097345,mitochondrial outer membrane permeabilization
GO:0008643,carbohydrate transport
GO:0050433,regulation of catecholamine secretion
GO:1990845,adaptive thermogenesis
GO:0014068,positive regulation of phosphatidylinositol 3-kinase signaling
GO:0014897,striated muscle hypertrophy
GO:0072088,nephron epithelium morphogenesis
GO:0032410,negative regulation of transporter activity
GO:0002703,regulation of leukocyte mediated immunity
GO:1901215,negative regulation of neuron death
GO:0032652,regulation of interleukin-1 production
GO:0003714,transcription corepressor activity
GO:0071837,HMG box domain binding
GO:0016500,protein-hormone receptor activity
GO:0022848,acetylcholine-gated cation-selective channel activity
GO:0005159,insulin-like growth factor receptor binding
GO:0015116,sulfate transmembrane transporter activity
GO:0022829,wide pore channel activity
GO:0071901,negative regulation of protein serine/threonine kinase activity
GO:0030111,regulation of Wnt signaling pathway
GO:0005802,trans-Golgi network
GO:0031400,negative regulation of protein modification process
GO:0005104,fibroblast growth factor receptor binding
GO:0018193,peptidyl-amino acid modification
GO:0046887,positive regulation of hormone secretion
GO:0071322,cellular response to carbohydrate stimulus
GO:0006656,phosphatidylcholine biosynthetic process
GO:0017080,sodium channel regulator activity
GO:0004890,GABA-A receptor activity
GO:0042887,amide transmembrane transporter activity
GO:0015459,potassium channel regulator activity
GO:0004435,phosphatidylinositol phospholipase C activity
GO:0004683,calmodulin-dependent protein kinase activity
GO:0030676,Rac guanyl-nucleotide exchange factor activity
GO:0140312,cargo adaptor activity
GO:0071466,cellular response to xenobiotic stimulus
GO:0097110,scaffold protein binding
GO:0014896,muscle hypertrophy
GO:0060441,epithelial tube branching involved in lung morphogenesis
GO:0055075,potassium ion homeostasis
GO:0051491,positive regulation of filopodium assembly
GO:0032607,interferon-alpha production
GO:0104004,cellular response to environmental stimulus
GO:0099174,regulation of presynapse organization
GO:0071214,cellular response to abiotic stimulus
GO:0034219,carbohydrate transmembrane transport
GO:0044344,cellular response to fibroblast growth factor stimulus
GO:0031941,filamentous actin
GO:0017053,transcription repressor complex
GO:0050805,negative regulation of synaptic transmission
GO:0032388,positive regulation of intracellular transport
GO:0050879,multicellular organismal movement
GO:0050881,musculoskeletal movement
GO:0045806,negative regulation of endocytosis
GO:0050432,catecholamine secretion
GO:0006953,acute-phase response
GO:0050919,negative chemotaxis
GO:1902110,positive regulation of mitochondrial membrane permeability involved in apoptotic process
GO:1903727,positive regulation of phospholipid metabolic process
GO:0015695,organic cation transport
GO:0010761,fibroblast migration
GO:0001912,positive regulation of leukocyte mediated cytotoxicity
GO:0010921,regulation of phosphatase activity
GO:0055067,monovalent inorganic cation homeostasis
GO:0019888,protein phosphatase regulator activity
GO:0015020,glucuronosyltransferase activity
GO:0005326,neurotransmitter transmembrane transporter activity
GO:0032420,stereocilium
GO:0072657,protein localization to membrane
GO:0046632,alpha-beta T cell differentiation
GO:0030141,secretory granule
GO:0030285,integral component of synaptic vesicle membrane
GO:0032800,receptor biosynthetic process
GO:1990776,response to angiotensin
GO:1901021,positive regulation of calcium ion transmembrane transporter activity
GO:1901030,positive regulation of mitochondrial outer membrane permeabilization involved in apoptotic signaling pathway
GO:1900027,regulation of ruffle assembly
GO:0007202,activation of phospholipase C activity
GO:0055081,anion homeostasis
GO:0060571,morphogenesis of an epithelial fold
GO:0010460,positive regulation of heart rate
GO:0043367,CD4-positive, alpha-beta T cell differentiation
GO:0098945,intrinsic component of presynaptic active zone membrane
GO:1990907,beta-catenin-TCF complex
GO:0002178,palmitoyltransferase complex
GO:0045309,protein phosphorylated amino acid binding
GO:0002366,leukocyte activation involved in immune response
GO:0030217,T cell differentiation
GO:0021510,spinal cord development
GO:0019208,phosphatase regulator activity
GO:0001894,tissue homeostasis
GO:1904019,epithelial cell apoptotic process
GO:0008593,regulation of Notch signaling pathway
GO:0051591,response to cAMP
GO:0043403,skeletal muscle tissue regeneration
GO:0055013,cardiac muscle cell development
GO:0007618,mating
GO:0002263,cell activation involved in immune response
GO:1900026,positive regulation of substrate adhesion-dependent cell spreading
